T,19693
A,16889
L,9894
B,9718
E,8635
W,8579
D,8445
O,8108
M,7719
C,7539
R,6777
Y,6427
H,6221
F,5980
G,5011
V,4304
K,2877
TS,2533
TSLA,2331
J,2114
SB,1274
X,1111
SP,990
BA,931
BV,912
AP,870
TH,863
RE,862
AA,833
PY,789
NG,773
AN,717
AR,698
HA,688
AAP,662
DD,655
AAPL,651
AM,644
AT,640
KT,585
RKT,564
Z,562
GE,528
NVDA,460
IT,448
LL,448
HE,437
ON,422
ES,420
AB,406
ST,378
EA,371
TM,362
DS,360
TC,354
MO,348
BABA,346
FT,339
ING,330
EW,327
ARD,326
ED,323
AL,318
CHA,316
INT,310
ET,309
EME,303
ARDS,298
GO,296
BE,293
LE,280
ATH,272
SE,266
OR,261
INTC,257
MS,253
QQQ,246
IP,245
MD,245
MA,244
AMD,236
HI,231
SF,228
CO,226
EOD,222
MSFT,220
TA,219
AC,217
NK,212
LI,200
ZN,197
ALL,196
CE,193
AMZN,187
IX,183
PE,176
BL,174
RS,172
AY,172
EV,168
RH,158
EL,154
PS,150
JP,148
PM,145
TR,141
KE,138
DE,136
RA,134
FB,134
OI,128
SA,125
SD,123
UL,122
TD,119
FSLY,118
GL,117
WH,117
EC,116
NI,116
IO,113
OC,111
AI,110
GT,110
DT,108
SI,107
FE,104
KIN,100
VER,95
CAL,93
IR,92
SQ,91
BR,89
AG,89
SO,89
CL,88
MU,86
NC,85
LEA,84
BJ,83
WM,82
LYFT,82
BC,81
UN,81
RP,81
UBER,79
PI,78
PT,78
DX,76
FL,76
MC,76
GH,76
TV,74
ARE,71
RY,71
UG,71
TT,70
DOW,68
MT,67
TG,67
PRPL,67
CEO,66
DTE,65
TQQQ,64
ONE,63
NOW,63
GAN,63
DK,62
FOR,62
NS,62
SM,62
TER,62
OLD,62
HT,61
LIN,61
SU,61
EVER,61
BY,60
TU,60
TGT,59
RRR,59
FI,58
LN,57
WMT,57
EARS,57
PD,56
CC,55
GOOG,55
JD,55
ATV,52
KO,52
JPM,52
CR,51
ATVI,51
OVID,51
NIO,50
BLNK,50
PPL,48
KL,47
ZM,47
ROP,46
NKLA,46
FR,45
HY,45
RES,45
SHO,45
GOLD,44
BB,44
KN,44
BAC,43
AIN,42
FC,42
USA,42
EAD,41
LX,41
IMO,40
NET,40
GM,40
OUT,40
TW,40
FF,39
OMC,39
RL,39
PEN,38
TK,38
NFLX,38
RM,37
TSM,37
YI,37
BIT,36
CP,36
CI,36
STK,36
LLY,36
PAC,36
PRI,36
UI,36
WOR,36
OSTK,36
VERY,36
AU,34
DY,34
MG,34
SHI,34
SPCE,34
ALLY,33
DOC,33
KOD,33
MOR,33
KODK,32
CLI,32
MR,32
NL,32
CAN,32
BLE,31
PDT,31
EAT,30
MAN,30
RIG,30
WF,30
HD,29
SC,29
WORK,29
BIG,28
XOM,28
GD,28
RC,28
UA,28
GOOGL,28
NLY,27
AX,27
CS,27
DG,27
SR,27
STE,27
TEN,27
GEVO,27
GRWG,27
YIN,27
CHE,26
ESS,26
HR,26
ORN,26
PH,26
LOW,25
MN,25
TDA,25
TX,25
TY,25
UPS,25
LULU,25
ANY,25
EB,24
ACT,24
GAIN,24
TLT,24
INS,23
AME,23
ATI,22
CB,22
COR,22
DB,22
GOL,22
NOK,22
PG,22
NEW,22
XT,22
MAR,22
PTON,22
PXS,22
DL,21
HES,21
MAC,21
RAD,21
UE,21
CAC,21
PLUG,21
AAN,20
HCA,20
PFE,20
HCAC,20
TUR,20
CG,20
BBY,19
CF,19
DRI,19
NP,19
DOCU,19
DKNG,19
MAG,18
MIN,18
SAVE,18
TAL,18
DIS,18
WFC,18
WIT,18
ERIC,18
MAT,18
AMC,17
AFT,17
MEN,17
MUS,17
DIN,17
KR,17
NEV,17
POR,17
FUTU,17
III,17
IQ,17
OTRK,17
SQQQ,17
DIT,16
GDP,16
PRO,16
RNA,16
CAR,16
HAS,16
SY,16
UAL,16
FDX,15
FRO,15
GS,15
ICE,15
MFA,15
ROK,15
EDI,15
TAK,15
TEL,15
BK,15
THR,15
WD,15
AAL,15
EMB,15
VG,15
XP,15
ADS,14
IRS,14
MOD,14
NNA,14
SEE,14
SHOP,14
SNE,14
SPR,14
TDOC,14
THO,14
TOL,14
WOW,14
RING,14
MRNA,14
PYPL,14
PDD,14
REAL,14
LOV,13
GGO,13
ASA,13
ASH,13
BRO,13
DEA,13
OMI,13
SNA,13
WY,13
ENPH,13
IONS,13
YY,13
LMFA,13
LOVE,13
ULTA,13
WB,13
DAL,12
ESE,12
LH,12
GF,12
NCLH,12
SOL,12
SNAP,12
STON,12
TRI,12
IDE,12
TEAM,12
CHI,12
VIDI,12
MARK,12
SRNE,12
ARI,11
BG,11
CM,11
CHGG,11
JE,11
LB,11
VAC,11
MOS,11
NYC,11
NEE,11
NVO,11
NUS,11
PCG,11
PAR,11
SAP,11
TTI,11
TUP,11
ADBE,11
EDIT,11
KC,11
PENN,11
RETA,11
SSSS,11
AUG,10
UUU,10
LW,10
LEG,10
MET,10
NEX,10
OKE,10
PINS,10
PER,10
UNFI,10
CSCO,10
DLTR,10
ROCK,10
NEXT,10
OMP,10
PTI,10
RXT,10
WEN,10
FREE,10
WW,10
NES,9
REI,9
AGI,9
ACC,9
AMN,9
ARES,9
AHH,9
ARR,9
MUC,9
BP,9
CEL,9
EXP,9
HP,9
JNJ,9
PING,9
PPT,9
NX,9
RTX,9
RF,9
SUP,9
AMAT,9
CHW,9
GNUS,9
PID,9
ROKU,9
JOB,8
PED,8
ALLE,8
ACH,8
ARL,8
AMP,8
CIA,8
DRE,8
ESTE,8
EMP,8
FSD,8
HIG,8
HSBC,8
IBM,8
KF,8
LC,8
MAS,8
IRL,8
ORC,8
PUMP,8
REV,8
RST,8
TAC,8
ADI,8
BLI,8
APPS,8
EH,8
HUGE,8
HAPP,8
MNTA,8
NVAX,8
SJ,8
SWBI,8
CFO,8
FEN,7
DDD,7
AYX,7
ARA,7
ABC,7
AZZ,7
MPA,7
CAT,7
CHWY,7
CVA,7
ESTC,7
ESI,7
FN,7
ITT,7
MGM,7
NYT,7
NR,7
ORCL,7
RCL,7
CRM,7
STC,7
BX,7
PAI,7
APA,7
BYND,7
TECH,7
CARE,7
COMM,7
EAST,7
EXPI,7
FAT,7
GOOD,7
DAX,7
INO,7
ITI,7
OPGN,7
SBUX,7
TLRY,7
TOPS,7
AE,6
AIM,6
IGC,6
ALK,6
BEST,6
CTL,6
CVX,6
CLH,6
CCI,6
DVA,6
ETH,6
FIT,6
FET,6
GIL,6
GGG,6
HAL,6
HEI,6
HTZ,6
HIL,6
MMI,6
PB,6
LUV,6
STL,6
COO,6
TJX,6
TSE,6
TWO,6
WAT,6
API,6
LIFE,6
ADSK,6
BIGC,6
COST,6
CRWD,6
DDOG,6
JACK,6
NH,6
OSS,6
RUN,6
STRO,6
HEAR,6
AGE,5
CTO,5
ELLO,5
SILV,5
TAT,5
AIR,5
AIT,5
AZN,5
BW,5
SAN,5
BRK.A,5
BILL,5
BEP,5
CX,5
COP,5
CW,5
UAN,5
EARN,5
ENS,5
ELS,5
AGM,5
RESI,5
FUL,5
HOG,5
HL,5
HUN,5
IFF,5
KEY,5
LDOS,5
MPC,5
MSM,5
SID,5
NKE,5
NTR,5
OIS,5
PK,5
PSA,5
PSTG,5
SIG,5
SPG,5
SPE,5
STG,5
TRU,5
TWTR,5
UNF,5
UTI,5
WEA,5
CRUS,5
CVAC,5
FANG,5
DPHC,5
DDI,5
ENG,5
ETSY,5
FAST,5
FCEL,5
LAND,5
IAC,5
JAN,5
JAZZ,5
LWAY,5
LIVE,5
LVGO,5
NTRA,5
PTE,5
RIGL,5
SPI,5
RTH,5
VIAC,5
VC,5
ZI,5
APT,4
EMAN,4
UUUU,4
ESP,4
EVI,4
PW,4
ALE,4
ATO,4
AZO,4
AVA,4
BMI,4
BH,4
BOE,4
BSE,4
BOX,4
BEPC,4
ELY,4
CWH,4
CCL,4
CMG,4
CNK,4
CIR,4
CTS,4
DAN,4
EFT,4
EPC,4
ERF,4
FLY,4
GNRC,4
GAM,4
GER,4
HPQ,4
IDA,4
KB,4
KW,4
KEYS,4
MCC,4
MOV,4
NM,4
NAT,4
NUM,4
NOM,4
POST,4
RIV,4
RYI,4
SEM,4
SIX,4
SJW,4
SCA,4
INN,4
TOT,4
TWLO,4
URI,4
GRA,4
WELL,4
WAL,4
WIW,4
WWW,4
JOBS,4
ALKS,4
CTXS,4
PLAY,4
EXC,4
STAY,4
FLUX,4
GILD,4
GLDD,4
HALL,4
HOPE,4
IDN,4
PIE,4
NRC,4
PZZA,4
PROF,4
SIC,4
MIK,4
SMH,4
WING,4
XSPA,4
AMBO,3
FTF,3
GV,3
IMH,3
ZOM,3
AMG,3
ACI,3
AIG,3
BUD,3
ARC,3
ARCH,3
ADM,3
AGR,3
BKR,3
BRK.B,3
FRA,3
CRS,3
CBO,3
EMO,3
CEM,3
UTF,3
CTB,3
CORR,3
CVS,3
ENO,3
FTCH,3
FLS,3
FTS,3
FCX,3
AVAL,3
GSX,3
HON,3
IRT,3
VTA,3
NVTA,3
JT,3
JMIA,3
KEN,3
KIM,3
KOS,3
KRA,3
LAC,3
MHO,3
MIC,3
MCD,3
MAA,3
MFG,3
EDD,3
NGG,3
NOV,3
NNN,3
NGS,3
NEM,3
NGL,3
NAN,3
NXR,3
NVT,3
OXY,3
OMF,3
PAM,3
PIC,3
PRA,3
RIO,3
RMI,3
OPP,3
SON,3
SPAQ,3
STM,3
RGR,3
TDF,3
TRV,3
TRQ,3
WTI,3
WSO,3
XRX,3
AKER,3
JG,3
AUTO,3
BBQ,3
BBBY,3
BLU,3
BMRN,3
BEAT,3
CHY,3
CSIQ,3
CTAS,3
TACO,3
BOOM,3
DBX,3
ELSE,3
ENTA,3
EQ,3
FTC,3
FORM,3
DRIV,3
HONE,3
HEC,3
INVE,3
IEC,3
INFI,3
NTEC,3
IBKR,3
INTU,3
IVA,3
PHO,3
SDG,3
JAMF,3
KTOS,3
LITE,3
TUSK,3
MOMO,3
MORN,3
NFIN,3
STIM,3
OKTA,3
OMER,3
OGI,3
QCOM,3
RICK,3
REPL,3
SAL,3
SG,3
TELL,3
TOTA,3
TOWN,3
TRVN,3
TRIL,3
CDC,3
XERS,3
ZS,3
ASM,2
BTG,2
SIM,2
XPL,2
ABB,2
ABT,2
AGD,2
ACCO,2
AYI,2
PEO,2
NIE,2
AVD,2
AXR,2
PLAN,2
APLE,2
ABR,2
ABG,2
AGO,2
ACB,2
BIO,2
MCA,2
BNY,2
BUI,2
SAM,2
BKE,2
BBW,2
COG,2
CAJ,2
CMO,2
CARR,2
FUN,2
CVE,2
CRL,2
CHU,2
CHT,2
CIT,2
CCC,2
CCO,2
CTR,2
CLF,2
CNO,2
MIE,2
CIF,2
FIX,2
SBS,2
ELP,2
CAG,2
CUZ,2
DQ,2
DAR,2
DEX,2
DLR,2
DPZ,2
PLOW,2
DVD,2
RDY,2
ELF,2
EOS,2
EFF,2
ETB,2
ETY,2
ECL,2
EVA,2
EPR,2
FDS,2
RACE,2
FIS,2
FIF,2
FAM,2
FND,2
FSK,2
GTX,2
GEO,2
GES,2
HASI,2
HLF,2
HII,2
IBA,2
INSI,2
IRM,2
JBL,2
KAR,2
KSS,2
LEE,2
LEN,2
MX,2
MAIN,2
MTDR,2
MAXR,2
MBI,2
MTD,2
HIE,2
NNI,2
NEA,2
NCA,2
NAC,2
NNY,2
OSH,2
OAC,2
OGE,2
ORI,2
ORA,2
PAG,2
PSX,2
PHI,2
QD,2
RYN,2
RGA,2
QSR,2
RVI,2
RBA,2
SRE,2
SERV,2
SHAK,2
SSD,2
TSLX,2
SKX,2
SKY,2
SWI,2
SPOT,2
STN,2
STOR,2
TTM,2
VIV,2
TME,2
SCHW,2
TWI,2
THS,2
TBI,2
USB,2
UMC,2
UNH,2
UTL,2
VEL,2
VZ,2
VOC,2
WRI,2
TLI,2
WAB,2
YETI,2
YUM,2
ADES,2
AKAM,2
ALLO,2
ANIP,2
AMEH,2
CAMP,2
CBOE,2
CHTR,2
CME,2
KOR,2
WATT,2
FISV,2
FLIR,2
FFIC,2
GDS,2
GTH,2
GBT,2
SELF,2
GOGO,2
GURE,2
HX,2
PRN,2
JBLU,2
KNDI,2
KIRK,2
LCA,2
LOGI,2
LOOP,2
MELI,2
MIND,2
MDB,2
NICE,2
ODT,2
OPES,2
ORIC,2
PHUN,2
PRNB,2
RIVE,2
ROST,2
ROCH,2
SABR,2
SDGR,2
SHIP,2
STRA,2
CAKE,2
TRIP,2
TSC,2
UCL,2
UNAM,2
UNIT,2
USIO,2
VALU,2
ESPO,2
VERI,2
CID,2
BBC,2
VIVE,2
WIX,2
WDAY,2
YJ,2
ZG,2
FAX,1
AMPE,1
BGI,1
LNG,1
LODE,1
MCF,1
CIK,1
EIM,1
MSN,1
ELA,1
GTE,1
IBO,1
IOR,1
ITP,1
ATEST,1
NBO,1
NAK,1
NOG,1
NTN,1
RHE,1
SENS,1
SIF,1
SSY,1
SYN,1
TRX,1
URG,1
MMM,1
ABBV,1
ACN,1
ADC,1
ALG,1
ALB,1
AEP,1
AXP,1
DYFN,1
AROC,1
ACA,1
ASC,1
ARGO,1
ARLO,1
HOME,1
ATTO,1
AVY,1
BNS,1
BTE,1
BERY,1
BBL,1
DSU,1
BKN,1
BTA,1
MHE,1
BBF,1
BFY,1
BLK,1
DCF,1
BOOT,1
BORR,1
BMY,1
BTI,1
BAM,1
BURL,1
CPE,1
CPB,1
CGC,1
CAH,1
CSV,1
CARS,1
CRI,1
CVNA,1
CSPR,1
CEN,1
CHN,1
SNP,1
CHH,1
CHD,1
XEC,1
BLW,1
CLX,1
CLDR,1
CCH,1
CMA,1
CIG,1
CBD,1
OFC,1
COTY,1
CRT,1
CCK,1
CRY,1
CFR,1
CMI,1
DHI,1
DHT,1
DKS,1
DFS,1
DNI,1
DTQ,1
ELAT,1
EDN,1
EAI,1
ELC,1
EVC,1
EOG,1
ESNT,1
EURN,1
EEA,1
FSS,1
FINV,1
FCF,1
FIV,1
FLO,1
FVAC,1
FMS,1
FUSE,1
GPS,1
GCO,1
GNE,1
GFL,1
GRUB,1
HBI,1
PEAK,1
HSY,1
HPE,1
HRC,1
HZN,1
HRL,1
HLI,1
ICL,1
IVR,1
IIM,1
INVH,1
JKS,1
KBR,1
BEKE,1
LAZ,1
LMND,1
LEVI,1
LSI,1
LYV,1
LMT,1
LDL,1
MGU,1
MRO,1
DOOR,1
MMS,1
MED,1
MTR,1
TAP,1
MSD,1
MSA,1
MWA,1
MUR,1
NSA,1
NAV,1
NRZ,1
JWN,1
NSC,1
NMT,1
NMS,1
JRI,1
NIM,1
NSL,1
NVR,1
OII,1
OGS,1
PANW,1
PSO,1
PSTH.U,1
GHY,1
PGP,1
PNW,1
PAA,1
PLNT,1
PLT,1
AGS,1
PDS,1
PLD,1
QUAD,1
KWR,1
RFL,1
RFP,1
REX,1
RYB,1
SAFE,1
SAF,1
SAK,1
SAR,1
BFS,1
STNG,1
FOUR,1
SMAR,1
SOS,1
SOR,1
JOE,1
STAG,1
SCS,1
SUM,1
NOVA,1
SUN,1
SPN,1
SOAC,1
SYX,1
TWN,1
FTI,1
TDY,1
TDS,1
EMF,1
AZEK,1
TIF,1
TSU,1
TSN,1
SLCA,1
UHS,1
UBP,1
MTN,1
VEEV,1
VIPS,1
VSTO,1
VST,1
VMW,1
IGA,1
IRR,1
PPR,1
WPC,1
WBS,1
WEI,1
WBT,1
EMD,1
IGI,1
GFY,1
WU,1
WPM,1
WHR,1
WNS,1
WK,1
XPO,1
AUY,1
YUMC,1
ZTO,1
FLWS,1
JFK,1
NMTR,1
AKBA,1
ALSK,1
LNT,1
ATHE,1
ALT,1
AMED,1
APPN,1
AQB,1
FUV,1
ASML,1
AWH,1
ALOT,1
AAME,1
RILY,1
BIDU,1
BAND,1
BZUN,1
BFYT,1
XAIR,1
BILI,1
BASI,1
BIOC,1
BNTX,1
BJRI,1
BLUE,1
BKNG,1
BOXL,1
DOOO,1
CZR,1
CATC,1
CTRE,1
TAST,1
CELH,1
CENT,1
PLCE,1
CLAR,1
CODX,1
CHRS,1
COLL,1
CONN,1
ROAD,1
CRBP,1
COUP,1
CREE,1
CRSP,1
DRNA,1
DGLY,1
EBAY,1
EGAN,1
SOLO,1
ECOR,1
EQIX,1
EVOP,1
FITB,1
FITBI,1
FEYE,1
BICK,1
FV,1
FTA,1
FID,1
FYT,1
FIVE,1
ESG,1
FTNT,1
FORD,1
FRAN,1
RAIL,1
FUSN,1
GENC,1
GBCI,1
CLOU,1
CHIC,1
BOTZ,1
GOCO,1
GRPN,1
HROW,1
HCACW,1
HZNP,1
TWNK,1
IEP,1
ICCC,1
NTLA,1
PSL,1
PFI,1
ISTR,1
ITIC,1
SHY,1
USIG,1
IBTA,1
MBB,1
IBB,1
SOXX,1
SHV,1
ITOS,1
IZEA,1
JOUT,1
LRCX,1
LANC,1
LSTR,1
TREE,1
LLNW,1
LIZI,1
LONE,1
MRVL,1
MCFT,1
MBIN,1
MACK,1
MRSN,1
CASH,1
MIST,1
NERV,1
NAKD,1
NDAQ,1
NATI,1
EYE,1
NETE,1
NIU,1
NTNX,1
OPI,1
OPRA,1
KIDS,1
OTIC,1
PACB,1
PHAS,1
PLYA,1
POOL,1
PRPO,1
DTIL,1
PSET,1
PLC,1
UFO,1
PROV,1
PTC,1
QIWI,1
QH,1
RAND,1
RPD,1
RAVE,1
BLCN,1
REED,1
REG,1
RSSS,1
RNET,1
RCKT,1
SECO,1
SLS,1
SWAV,1
SLAB,1
SDC,1
SEDG,1
SSB,1
SPLK,1
SHOO,1
SURF,1
SYNC,1
TTWO,1
TNDM,1
TXN,1
TXRH,1
ANDE,1
KHC,1
TTD,1
TLSA,1
TSCO,1
TGA,1
TIG,1
TRUE,1
UPWK,1
BJK,1
CIL,1
VIE,1
VIR,1
WDC,1
WWD,1
WYNN,1
YNDX,1
ZSAN,1
ZNGA,1
GOED,0
XXII,0
IAF,0
AEF,0
FCO,0
ACU,0
ATNM,0
ACY,0
UAVS,0
AIRI,0
AXU,0
AAU,0
AAMC,0
AMS,0
USAS,0
ANVS,0
ARMP,0
AINC,0
AWX,0
BTN,0
BCV,0
BCV^A,0
BHB,0
BRN,0
BATL,0
BIOX,0
BIOX.WS,0
PHGE,0
PHGE.U,0
PHGE.WS,0
BKTI,0
BDR,0
BRBS,0
BRG,0
BRG^A,0
BRG^C,0
BRG^D,0
DMF,0
BWL.A,0
BRMK.WS,0
CMCL,0
CEI,0
CANF,0
YCBD,0
YCBD^A,0
CVM,0
CET,0
LEU,0
CHAQ,0
CHAQ.U,0
CHAQ.WS,0
CCF,0
CQP,0
CVR,0
CPHI,0
CKX,0
GLV,0
GLQ,0
GLO,0
COHN,0
CIX,0
CDOR,0
CMT,0
CRMD,0
CRF,0
CLM,0
CVU,0
DHY,0
CRHM,0
CTEK,0
DXR,0
VCF,0
VFL,0
VMM,0
DLA,0
DNN,0
DSS,0
DPW,0
DXF,0
GRF,0
EVM,0
CEV,0
EVV,0
ENX,0
EVY,0
ELMD,0
ECF,0
ECF^A,0
EMX,0
UUUU.WS,0
ENSV,0
EQX,0
EVBN,0
EPM,0
BDL,0
FSI,0
FSP,0
FRD,0
FTSI,0
GAU,0
GGN,0
GGN^B,0
GMO,0
GSB,0
GSAT,0
GORO,0
GSV,0
AUMN,0
GSS,0
GPL,0
HLM^,0
HMG,0
HUSA,0
HWM^,0
IBIO,0
INDO,0
INFU,0
IHT,0
NSPR,0
NSPR.WS,0
NSPR.WS.B,0
ITRG,0
THM,0
INTT,0
INUV,0
VKI,0
ISR,0
ISDR,0
KLR,0
KLR.WS,0
KIQ,0
LGL,0
LCTX,0
MHH,0
MTNB,0
MMX,0
IPB,0
MTA,0
MXC,0
MLSS,0
MYO,0
NNVC,0
ATEST.A,0
ATEST.B,0
ATEST.C,0
NHC,0
NAVB,0
NTIP,0
NBW,0
NHS,0
NML,0
NBH,0
NRO,0
GBR,0
NEN,0
NGD,0
NXE,0
NBY,0
OBLG,0
OCX,0
OGEN,0
PCG^A,0
PCG^B,0
PCG^C,0
PCG^D,0
PCG^E,0
PCG^G,0
PCG^H,0
PCG^I,0
PTN,0
PZG,0
PRK,0
PFNX,0
HNW,0
PLAG,0
PLG,0
PLYM^A,0
PLM,0
PW^A,0
PLX,0
PTK.U,0
RLGT,0
UTG,0
RHE^A,0
RCG,0
RVP,0
SACC,0
SACH,0
SCCB,0
SNMP,0
SEB,0
SVT,0
SMTS,0
SVM,0
SCE^B,0
SCE^C,0
SCE^D,0
SCE^E,0
STXS,0
SDPI,0
TKAT,0
TALO.WS,0
TGB,0
TGC,0
GLU,0
GLU^A,0
GLU^B,0
GGO^A,0
TDW.WS,0
TMBR,0
TMP,0
TRXC,0
TMQ,0
TPHS,0
TRT,0
UFAB,0
UAMY,0
UEC,0
VGZ,0
VNRX,0
VOLT,0
ERC,0
ERH,0
WRN,0
WYY,0
WTT,0
XTNT,0
ZDGE,0
WBAI,0
WUBA,0
EGHT,0
AHC,0
AOS,0
ATEN,0
ANF,0
AWP,0
ACP,0
JEQ,0
ASGI,0
AOD,0
ABM,0
AKR,0
ACEL,0
GOLF,0
ADX,0
ADCT,0
AGRO,0
ADNT,0
ADT,0
ATGE,0
ADSW,0
WMS,0
ASIX,0
AVK,0
ACM,0
AEFC,0
AEB,0
AEG,0
AER,0
AJRD,0
MGR,0
AFL,0
MITT,0
MITT^A,0
MITT^B,0
MITT^C,0
AGCO,0
AEM,0
AL^A,0
APD,0
ALP^Q,0
ALC,0
ALEX,0
ALX,0
AQN,0
AQNA,0
AQNB,0
AFB,0
AWF,0
AIO,0
CBH,0
NCV,0
NCV^A,0
NCZ,0
NCZ^A,0
ACV,0
NFJ,0
ALSN,0
ALL^B,0
ALL^G,0
ALL^H,0
ALL^I,0
ALLY^A,0
PINE,0
ALTG,0
ALTG.WS,0
ALIN^A,0
ALIN^B,0
ALIN^E,0
ATUS,0
ALUS,0
ALUS.U,0
ALUS.WS,0
AMBC,0
AMBC.WS,0
ABEV,0
AMCR,0
AEE,0
AMRC,0
AMOV,0
AMX,0
AAT,0
AXL,0
AEO,0
AEP^B,0
AEP^C,0
AEL,0
AEL^A,0
AEL^B,0
AFG,0
AFGB,0
AFGC,0
AFGD,0
AFGH,0
AMH,0
AMH^D,0
AMH^E,0
AMH^F,0
AMH^G,0
AMH^H,0
AIG.WS,0
AIG^A,0
AWR,0
AMT,0
AWK,0
COLD,0
AMRX,0
APH,0
HKIB,0
FINS,0
NLY^D,0
NLY^F,0
NLY^G,0
NLY^I,0
ANTM,0
ANH,0
ANH^A,0
ANH^B,0
ANH^C,0
AON,0
AIV,0
APG,0
APO,0
APO^A,0
APO^B,0
AIF,0
ATR,0
APTV,0
APTV^A,0
ARMK,0
ABR^A,0
ABR^B,0
ABR^C,0
MTCN,0
ARNC,0
ARCO,0
RCUS,0
AFC,0
ACRE,0
ARDC,0
ARES^A,0
AGX,0
ARGD,0
ARGO^A,0
ANET,0
AI^B,0
AI^C,0
AIC,0
AIW,0
AHH^A,0
ARR^C,0
AFI,0
AWI,0
ARW,0
AJG,0
APAM,0
ACND.U,0
ASX,0
ASGN,0
AHT,0
AHT^D,0
AHT^F,0
AHT^G,0
AHT^H,0
AHT^I,0
ASPN,0
AHL^C,0
AHL^D,0
AHL^E,0
AMK,0
ASB,0
ASB^C,0
ASB^D,0
ASB^E,0
ASB^F,0
AIZ,0
AIZP,0
AGO^B,0
AGO^E,0
AGO^F,0
T^A,0
T^C,0
TBB,0
TBC,0
ATH^A,0
ATH^B,0
ATH^C,0
ATKR,0
ATCO,0
ATCO^D,0
ATCO^E,0
ATCO^G,0
ATCO^H,0
ATCO^I,0
ATHM,0
ALV,0
AVLR,0
AVB,0
AVNS,0
AVTR,0
AVTR^A,0
AVYA,0
AVNT,0
AXTA,0
AXS,0
AXS^E,0
AXO,0
AZUL,0
AZRE,0
BGS,0
BMRG,0
BMRG.U,0
BMRG.WS,0
BGH,0
BCSF,0
BBN,0
BLL,0
BANC,0
BANC^D,0
BANC^E,0
BBAR,0
BBVA,0
BBD,0
BBDO,0
BCH,0
BLX,0
BSBR,0
BSAC,0
BSMX,0
SAN^B,0
CIB,0
BXS,0
BXS^A,0
BAC^A,0
BAC^B,0
BAC^C,0
BAC^E,0
BAC^K,0
BAC^L,0
BAC^M,0
BAC^N,0
BML^G,0
BML^H,0
BML^J,0
BML^L,0
BOH,0
BMO,0
NTB,0
BKU,0
BCS,0
BBDC,0
MCI,0
MPV,0
BNED,0
BHC,0
BAX,0
BBX,0
BCE,0
BZH,0
BDX,0
BDXB,0
BDC,0
BRBR,0
BHE,0
BHLB,0
BGSF,0
BHP,0
BH.A,0
BHVN,0
BIO.B,0
BITA,0
BKH,0
BKI,0
BSM,0
BGIO,0
BFZ,0
CII,0
BHK,0
HYT,0
BTZ,0
BGR,0
BDJ,0
EGF,0
BFO,0
BGT,0
BME,0
BMEZ,0
BAF,0
BKT,0
BGY,0
BZM,0
MUI,0
MUA,0
BKK,0
BBK,0
BYM,0
BFK,0
BTT,0
MUH,0
MHD,0
MFL,0
MUJ,0
MHN,0
MUE,0
MVT,0
MYC,0
MYD,0
MYF,0
MFT,0
MIY,0
MYJ,0
MYN,0
MQT,0
MYI,0
MQY,0
BQH,0
BCX,0
BST,0
BSTZ,0
BSD,0
BHV,0
BGB,0
BGX,0
BSL,0
APRN,0
BXG,0
BXC,0
DHF,0
DMB,0
DSM,0
LEO,0
BCC,0
BCEI,0
BAH,0
BWA,0
BXP,0
BXP^B,0
BSX,0
BSX^A,0
BYD,0
BPMP,0
BPT,0
BRC,0
BHR,0
BHR^B,0
BHR^D,0
BDN,0
BWG,0
LND,0
BAK,0
BRFS,0
MNRL,0
BFAM,0
BEDU,0
BSA,0
BSIG,0
BCO,0
BMY~,0
VTOL,0
BRX,0
BRMK,0
BKD,0
BBU,0
DTLA^,0
BIPC,0
BIP,0
BEP^A,0
BF.A,0
BF.B,0
BRT,0
BC^A,0
BC^B,0
BC^C,0
BVN,0
BWXT,0
CABO,0
CBT,0
CACI,0
WHD,0
CADE,0
CAE,0
CAI,0
CAI^A,0
CAI^B,0
CWT,0
CALX,0
CPT,0
CCJ,0
GOOS,0
CNI,0
CNQ,0
CANG,0
CNNE,0
CMD,0
COF,0
COF^F,0
COF^G,0
COF^H,0
COF^I,0
COF^J,0
CSU,0
BXMT,0
CPRI,0
CPSR.U,0
CMO^E,0
CSL,0
KMX,0
CUK,0
CSLT,0
CTLT,0
CTT,0
CATO,0
CBZ,0
CBL,0
CBL^D,0
CBL^E,0
IGR,0
CBRE,0
CBX,0
PCPL,0
PCPL.U,0
PCPL.WS,0
PRPB.U,0
CDR,0
CDR^B,0
CDR^C,0
CLS,0
CELG~,0
CPAC,0
CNC,0
CNP,0
CNP^B,0
EBR,0
EBR.B,0
CEPU,0
CCS,0
CDAY,0
GIB,0
CHX,0
ECOM          ,0
CHRA,0
CLDT,0
CMCM,0
CHMI,0
CHMI^A,0
CHMI^B,0
CPK,0
CHS,0
CIM,0
CIM^A,0
CIM^B,0
CIM^C,0
CIM^D,0
CEA,0
CGA,0
LFC,0
CHL,0
COE,0
ZNH,0
CYD,0
CCX,0
CCX.U,0
CCX.WS,0
CCXX,0
CCXX.U,0
CCXX.WS,0
CCIV.U,0
CIEN,0
CBB,0
CBB^B,0
CINR,0
CIT^B,0
CCAC,0
CCAC.U,0
CCAC.WS,0
C^J,0
C^K,0
C^N,0
C^S,0
CFG,0
CFG^D,0
CFG^E,0
CIO,0
CIO^A,0
CVEO,0
CLW,0
CWEN,0
CWEN.A,0
CLPR,0
CMS,0
CMS^B,0
CMSA,0
CMSC,0
CMSD,0
CNA,0
CNF,0
CNHI,0
CNXM,0
CNX,0
KOF,0
CCEP,0
CDE,0
FOF,0
CNS,0
LDP,0
RQI,0
RNP,0
PSF,0
RFI,0
CFX,0
CFXA,0
CCH.U,0
CCH.WS,0
CXE,0
CXH,0
CMU,0
CLNY,0
CLNY^G,0
CLNY^H,0
CLNY^I,0
CLNY^J,0
CLNC,0
CXP,0
CCZ,0
CMC,0
CBU,0
CYH,0
CHCT,0
CIG.C,0
CCU,0
CODI,0
CODI^A,0
CODI^B,0
CODI^C,0
CMP,0
CRK,0
CXO,0
CCM,0
CNMD,0
CCR,0
CEIX,0
STZ,0
STZ.B,0
CSTM,0
TCS,0
CLR,0
VLRS,0
CTRA,0
CPS,0
CTK,0
CPA,0
CLB,0
CXW,0
CLGX,0
CORR^A,0
CPLG,0
CNR,0
GLW,0
CAAP,0
GYC,0
CTVA,0
CZZ,0
CMRE,0
CMRE^B,0
CMRE^C,0
CMRE^D,0
CMRE^E,0
CPF,0
CRD.A,0
CRD.B,0
BAP,0
CPG,0
CEQP,0
CEQP^,0
CRH,0
CAPL,0
CUBE,0
CUB,0
CULP,0
CURO,0
SRV,0
SZC,0
CWK,0
CUBB,0
CUBI,0
CUBI^C,0
CUBI^D,0
CUBI^E,0
CUBI^F,0
CVI,0
CELP,0
DEH.U,0
DHR,0
DHR^A,0
DHR^B,0
DAC,0
DCP,0
DCP^B,0
DCP^C,0
DECK,0
DDF,0
DKL,0
DELL,0
DLPH,0
DLX,0
DBI,0
DESP,0
DVN,0
DHX,0
DEO,0
DSSI,0
DRH,0
DSX,0
DSX^B,0
DBD,0
DMS,0
DMS.WS,0
DLR^C,0
DLR^G,0
DLR^I,0
DLR^J,0
DLR^K,0
DLR^L,0
DDS,0
DDT,0
DMYT,0
DMYT.U,0
DMYT.WS,0
DMYD.U,0
DLB,0
DCUE,0
DRUA,0
UFS,0
DCI,0
DFIN,0
LPG,0
DSL,0
DBL,0
DLY,0
DEI,0
DOV,0
DGNR.U,0
DRD,0
DRQ,0
DS^B,0
DS^C,0
DS^D,0
DTJ,0
DTP,0
DTW,0
DTY,0
DCO,0
DSE,0
DNP,0
DTF,0
DUC,0
DPG,0
DUK,0
DUK^A,0
DUKB,0
DUKH,0
DNB,0
DXC,0
DLNG,0
DLNG^A,0
DLNG^B,0
DX^B,0
DX^C,0
CTA^A,0
CTA^B,0
ECC           ,0
ECCB,0
ECCX,0
ECCY,0
EIC,0
EGP,0
EMN,0
ETN,0
ETV,0
ETW,0
EOI,0
EFL,0
EHT,0
ETX           ,0
EOT,0
EVN,0
ETJ,0
EFR,0
EVF,0
EVG,0
EVT,0
ETO,0
ETG,0
EXD,0
EXG,0
EIX,0
EP^C,0
ELAN,0
EGO,0
ELVT,0
EFC,0
EFC^A,0
AKO.A,0
AKO.B,0
ERJ,0
EEX,0
EBS,0
EMR,0
ESRT,0
EIG,0
ENBL,0
ENB,0
ENBA,0
EHC,0
DAVA,0
EXK,0
ENIA,0
ENIC,0
ENR,0
ENR^A,0
ETP^C,0
ETP^D,0
ETP^E,0
EPAC,0
ENLC,0
EBF,0
ENVA,0
NPO,0
ETM,0
EAB,0
EAE,0
ETR,0
ELJ,0
ELU,0
ENJ,0
ETI^,0
EZT,0
EPD,0
ENV,0
NVST,0
ENZ,0
EPAM,0
EPR^C,0
EPR^E,0
EPR^G,0
EQT,0
EFX,0
EQNR,0
EQH,0
EQH^A,0
ETRN,0
EQC,0
EQC^D,0
EQR,0
EQS,0
EROS,0
EPRT,0
WTRG,0
WTRU,0
EVR,0
EVRG,0
EVRI,0
EVTC,0
EVH,0
AQUA,0
XAN,0
XAN^C,0
EXPR,0
EXTN,0
EXR,0
FNB,0
FNB^E,0
FICO,0
SFUN,0
FPAC,0
FPAC.U,0
FPAC.WS,0
FPI,0
FPI^B,0
FBK,0
FFG,0
AGM.A,0
AGM^A,0
AGM^C,0
AGM^D,0
AGM^E,0
FRT,0
FRT^C,0
FMN,0
FHI,0
FOE,0
FCAU,0
FNF,0
FMO,0
FAF,0
FBP,0
FCRW,0
FCRZ,0
FSLF,0
FHN,0
FHN^A,0
FHN^B,0
FHN^C,0
FHN^D,0
FHN^E,0
FRC,0
FRC^F,0
FRC^G,0
FRC^H,0
FRC^I,0
FRC^J,0
FFA,0
FMY,0
FDEU,0
FTHY,0
FPF,0
FEI           ,0
FPL,0
FCT,0
FGB,0
FEO,0
FPH,0
FVRR,0
FBC,0
DFP,0
PFD,0
PFO,0
FFC,0
FLC,0
FLT,0
FLNG,0
FTK,0
FLR,0
FEAC,0
FEAC.U,0
FEAC.WS,0
FMC,0
WPF,0
WPF.U,0
WPF.WS,0
BFT.U,0
FMX,0
F^B,0
F^C,0
FTV,0
FTV^A,0
FTAI,0
FTAI^A,0
FTAI^B,0
FVAC.U,0
FVAC.WS,0
FAII.U,0
FSM,0
FBHS,0
FBM,0
FCPT,0
FEDU,0
FNV,0
BEN,0
FDP,0
FSKR,0
FCN,0
FUSE.U,0
FUSE.WS,0
GCV,0
GAB,0
GAB^G,0
GAB^H,0
GAB^J,0
GAB^K,0
GGZ,0
GGZ^A,0
GGT,0
GGT^E,0
GGT^G,0
GUT,0
GUT^A,0
GUT^C,0
GLEO,0
GLEO.U,0
GLEO.WS,0
GBL,0
GNT,0
GNT^A,0
GME,0
GCI,0
GLOG,0
GLOG^A,0
GLOP,0
GLOP^A,0
GLOP^B,0
GLOP^C,0
GTES,0
GATX,0
GMTA,0
GCP,0
GNK,0
GAM^B,0
GIS,0
GEL,0
GEN           ,0
GNE^A,0
GPC,0
GNW,0
GPRK,0
GPJA,0
GGB,0
GTY,0
GFLU,0
GIX,0
GIX.U,0
GIX.WS,0
GIX~,0
GIK,0
GIK.U,0
GIK.WS,0
GLT,0
GKOS,0
GSK,0
GMRE,0
GMRE^A,0
GNL,0
GNL^A,0
GNL^B,0
GLP,0
GLP^A,0
GPN,0
GSL,0
GSL^B,0
GSLD,0
GLOB,0
GL^C,0
GMED,0
GMS,0
GOAC.U,0
GDDY,0
GFI,0
GSBD,0
GS^A,0
GS^C,0
GS^D,0
GS^J,0
GS^K,0
GS^N,0
GMZ,0
GRC,0
GPX,0
GRAF,0
GRAF.U,0
GRAF.WS,0
EAF,0
GHM,0
GHC,0
GRAM,0
GVA,0
GPMT,0
GRP.U,0
GPK,0
GTN,0
GTN.A,0
AJX,0
AJXA,0
GWB,0
GDOT,0
GBX,0
GHL,0
GHG,0
GEF,0
GEF.B,0
GFF,0
GPI,0
ASR,0
SUPV,0
GSAH.U,0
GTT,0
GSH,0
GGM,0
GPM,0
GOF,0
GBAB,0
GWRE,0
HRB,0
HAE,0
HBB,0
HNGR,0
HMY,0
HSC,0
HGH,0
HIG^G,0
HVT,0
HVT.A,0
HCHC,0
HCI,0
HDB,0
HTA,0
HL^B,0
HEI.A,0
HLX,0
HRI,0
HCXY,0
HCXZ,0
HTGC,0
HRTG,0
PSV,0
HT^C,0
HT^D,0
HT^E,0
HESM,0
HXL,0
HEXO,0
PCF,0
HGLB,0
HFRO,0
HFRO^A,0
HPR,0
HIW,0
HTH,0
HGV,0
HLT,0
HNI,0
HMLP,0
HMLP^A,0
HEP,0
HFC,0
HMC,0
HMN,0
HTFA,0
HST,0
HOV,0
HHC,0
HWM,0
HPX.U,0
HSBC^A,0
HMI,0
HNP,0
HUBB,0
HUBS,0
HBM,0
HUD,0
HPP,0
HUM,0
HCFT,0
HUYA,0
IAA,0
IAG,0
IBN,0
IEX,0
IDT,0
INFO,0
ITW,0
IMAX,0
ICD,0
IHC,0
IFN,0
INFY,0
NGVT,0
INGR,0
IIPR,0
IIPR^A,0
IPHI,0
NSP,0
INSP,0
IBP,0
ITGR,0
IHG,0
IFS,0
IFFT,0
IGT,0
INSW,0
INSW^A,0
IPV,0
IPV.U,0
IPV.WS,0
IPG,0
IPI,0
IVC,0
VBF,0
VCV,0
IHIT,0
IHTA,0
VLT,0
IVR^B,0
IVR^C,0
IVR^A,0
OIA,0
VMO,0
VKQ,0
VPV,0
IVZ,0
IQI,0
VVR,0
VTN,0
VGM,0
IRET,0
IRET^C,0
IQV,0
STAR          ,0
STAR^D,0
STAR^G,0
STAR^I,0
ITCB,0
ITUB,0
IVH,0
JPM^C,0
JPM^D,0
JPM^G,0
JPM^H,0
JPM^J,0
JAX,0
JILL,0
SJM,0
JHX,0
JHG,0
JOF,0
JWS,0
JWS.U,0
JWS.WS,0
JBGS,0
JEF,0
JELD,0
JCAP,0
JCAP^B,0
JMP,0
JBT,0
BTO,0
HEQ,0
JHS,0
JHI,0
HPF,0
HPI,0
HPS,0
HTD,0
HTY,0
JW.A,0
JW.B,0
JCI,0
JLL,0
JIH,0
JIH.U,0
JIH.WS,0
JNPR,0
JE^A,0
LRN,0
KAI,0
KDMN,0
KAMN,0
KSU,0
KSU^,0
KMF,0
KYN,0
KBH,0
KMPR,0
KMT,0
KCAC,0
KCAC.U,0
KCAC.WS,0
KDP,0
KEY^I,0
KEY^J,0
KEY^K,0
KRC,0
KRP,0
KMB,0
KIM^L,0
KIM^M,0
KMI,0
KFS,0
KGC,0
KEX,0
KRG,0
KKR,0
KKR^A,0
KKR^B,0
KIO,0
KREF,0
KNX,0
KNL,0
KNOP,0
PHG,0
KTB,0
KOP,0
KEP,0
KFY,0
KRO,0
SCX,0
LHX,0
LADR,0
LAIX,0
LCI,0
LPI,0
LVS,0
LGI,0
LZB,0
LCII,0
LEAF,0
LGC,0
LGC.U,0
LGC.WS,0
LMHA,0
LMHB,0
JBK,0
KTH,0
KTN,0
LEJU,0
LEN.B,0
LII,0
LXP,0
LXP^C,0
LPL,0
DFNS,0
DFNS.U,0
DFNS.WS,0
ASG,0
LBRT,0
LITB,0
LNC,0
LNN,0
LINX,0
LGF.A,0
LGF.B,0
LAD,0
LOAK,0
LOAK.U,0
LOAK.WS,0
LTHM,0
RAMP,0
LYG,0
SCD,0
LOMA,0
LGVW,0
LGVW.U,0
LGVW.WS,0
LPX,0
LXU,0
LTC,0
LUB,0
LXFR,0
LYB,0
MTB,0
MDC,0
MFD,0
BMA,0
MCN,0
MSGE,0
MSGS,0
MMP,0
MGA,0
MGY,0
MH^A,0
MH^C,0
MH^D,0
MHLA,0
MHNC,0
MMD,0
MNK,0
MANU,0
MTW,0
MFC,0
MCS,0
MPX,0
HZO,0
MKL,0
MMC,0
MLM,0
MTZ,0
MTRN,0
MATX,0
MLP,0
MXL,0
MEC,0
MKC,0
MKC.V,0
MUX,0
MCK,0
MDU,0
MTL,0
MTL^,0
MDLA,0
MPW,0
MCV,0
MCX,0
MDLQ,0
MDLX,0
MDLY,0
MDT,0
MFAC,0
MFAC.U,0
MFAC.WS,0
MRK,0
MCY,0
MDP,0
MTH,0
MTOR,0
MER^K,0
MSB,0
MEI,0
MET^A,0
MET^E,0
MET^F,0
MCB,0
MXE,0
MXF,0
MFA^B,0
MFA^C,0
MFO,0
MCR,0
MGF,0
MMT,0
MFM,0
MFV,0
MTG,0
MGP,0
MFGP,0
MAA^I,0
AMPY,0
MLR,0
MTX,0
MUFG,0
MIXT,0
MBT,0
MODN,0
MOGU,0
MHK,0
MOH,0
TAP.A,0
MNR,0
MNR^C,0
MEG,0
MCO,0
MOG.A,0
MOG.B,0
MS^A,0
MS^E,0
MS^F,0
MS^I,0
MS^K,0
MS^L,0
CAF,0
IIF,0
MSI,0
MPLX,0
MRC,0
MSCI,0
MSGN,0
MLI,0
MVF,0
MZA,0
MUSA,0
MVO,0
MVC,0
MVCD,0
MYE,0
MYOV,0
NBR,0
NBR^A,0
NTP,0
NTEST,0
NTEST.A,0
NTEST.B,0
NTEST.C,0
NBHC,0
NFG,0
NHI,0
NPK,0
NNN^F,0
NRUC,0
NSA^A,0
NTCO,0
NGVC,0
NRP,0
NTZ,0
NWG,0
NLS,0
NVGS,0
NM^G,0
NM^H,0
NMM,0
NAV^D,0
NCR,0
NPTN,0
NSCO,0
NSCO.WS,0
NTST,0
NVRO,0
HYB,0
NFH,0
NFH.WS,0
NWHM,0
NMFC,0
NMFX,0
EDU,0
NEWR,0
NRZ^A,0
NRZ^B,0
NRZ^C,0
SNR,0
NYCB,0
NYCB^A,0
NYCB^U,0
NJR,0
NEU,0
NEXA,0
NREF,0
NREF^A,0
NXRT,0
NHF,0
NEP,0
NEE^I,0
NEE^J,0
NEE^K,0
NEE^N,0
NEE^O,0
NEE^P,0
NGL^B,0
NGL^C,0
NMK^B,0
NMK^C,0
NLSN,0
NINE,0
NI^B,0
NOAH,0
NOMD,0
NMR,0
OSB,0
NOA,0
NRT,0
NGA.U,0
NOC,0
NWN,0
NWE,0
NVS,0
DNOW,0
NRG,0
NUE,0
NS^A,0
NS^B,0
NS^C,0
NSS,0
NVG,0
NUV,0
NUW,0
NAZ,0
NKX,0
NCB,0
JCE,0
JCO,0
JQC,0
JDD,0
DIAX,0
JEMD,0
JFR,0
JRO,0
NKG,0
JGH,0
JHY,0
JHAA,0
JHB,0
NXC,0
NXN,0
NID,0
NMY,0
JLS,0
JMM,0
NHA,0
NZF,0
NMCO,0
NMZ,0
NMI,0
NJV,0
NXJ,0
NRK,0
NYV,0
NUO,0
NPN,0
NQP,0
JPC,0
JPS,0
JPT,0
JPI,0
NAD,0
JRS,0
BXMX,0
SPXX,0
NXP,0
NXQ,0
JSD,0
NBB,0
JTD,0
JTA,0
NPV,0
NIQ,0
CTEST,0
CTEST.E,0
CTEST.G,0
CTEST.L,0
CTEST.O,0
CTEST.S,0
CTEST.V,0
OAC.U,0
OAC.WS,0
OAK^A,0
OAK^B,0
OXY.WS,0
OCN,0
OFG,0
OFG^A,0
OFG^B,0
OFG^D,0
OIBR.C,0
ODC,0
OLN,0
OHI,0
ONDK,0
AONE.U,0
OLP,0
OCFT,0
ONTO,0
OOMA,0
OPY,0
ORAN,0
OEC,0
OSK,0
SFTW,0
SFTW.U,0
SFTW.WS,0
OTIS,0
OSG,0
OVV,0
ORCC,0
OXM,0
PACD,0
PCGU,0
PKG,0
PAGS,0
PANA.U,0
PHX,0
PARR,0
PGRE,0
PKE,0
PSN,0
PRE^F,0
PRE^G,0
PRE^H,0
PRE^I,0
PRTY,0
PAYC,0
PBF,0
PBFX,0
BTU,0
PEB,0
PEB^C,0
PEB^D,0
PEB^E,0
PEB^F,0
PBA,0
PEI,0
PEI^B,0
PEI^C,0
PEI^D,0
PFSI,0
PMT,0
PMT^A,0
PMT^B,0
PNR,0
PFGC,0
PKI,0
PBT,0
PVL,0
PRT,0
PRGO,0
PRSP,0
PTR,0
PBR,0
PBR.A,0
ISD,0
PGTI,0
PSXP,0
FENG,0
DNK,0
PHR,0
PDM,0
PCQ,0
PCK,0
PZC,0
PCM,0
PTY,0
PCN,0
PCI,0
PDI,0
NRGX,0
PHK,0
PKO,0
PFL,0
PFN,0
PMF,0
PML,0
PMX,0
PNF,0
PNI,0
PYN,0
RCS,0
PHD,0
PHT,0
MAV,0
MHI,0
PXD,0
PIPR,0
PBI,0
PBI^B,0
PIC.U,0
PIC.WS,0
PJT,0
PAGP,0
PLYM,0
PNC,0
PNC^P,0
PNC^Q,0
PNM,0
PII,0
PKX,0
PSTL,0
PPG,0
PPX,0
PYS,0
PYT,0
PQG,0
APTS,0
PBH,0
PVG,0
PRMW,0
PGZ,0
PRIF^A,0
PRIF^B,0
PRIF^C,0
PRIF^D,0
PRIF^E,0
PRIF^F,0
PGR,0
PROS,0
PBB,0
PBC,0
PBY,0
PRLB,0
PFS,0
PJH,0
PRH,0
PRS,0
PRU,0
PUK,0
PUK^,0
PUK^A,0
PSB,0
PSB^W,0
PSB^X,0
PSB^Y,0
PSB^Z,0
TLK,0
PEG,0
PSA^B,0
PSA^C,0
PSA^D,0
PSA^E,0
PSA^F,0
PSA^G,0
PSA^H,0
PSA^I,0
PSA^J,0
PSA^K,0
PSA^L,0
PSA^W,0
PSA^X,0
PHM,0
PMM,0
PIM,0
PMO,0
PVH,0
PZN,0
QTWO,0
QEP,0
QGEN,0
QTS,0
QTS^A,0
QTS^B,0
PWR,0
DGX,0
QUOT,0
QVCC,0
QVCD,0
CTAA,0
CTBB,0
CTDD,0
CTY,0
CTZ,0
RRD,0
RMED,0
RDN,0
RRC,0
RNGR,0
PACK,0
PACK.WS,0
RJF,0
RYAM,0
RMAX,0
RCA,0
RCB,0
RCP,0
RLGY,0
RLH,0
RBAC.U,0
RWT,0
RBC,0
RF^A,0
RF^B,0
RF^C,0
RGS,0
RZA,0
RZB,0
RELX,0
RNR,0
RNR^E,0
RNR^F,0
RENN,0
RPLA,0
RPLA.U,0
RPLA.WS,0
RSG,0
REZI,0
RMD,0
RPAI,0
REVG,0
RVLV,0
REXR,0
REXR^A,0
REXR^B,0
REXR^C,0
RXN,0
RNG,0
RFM,0
RMM,0
RMPL^,0
RSF,0
RLI,0
RLJ,0
RLJ^A,0
RMG,0
RMG.U,0
RMG.WS,0
RHI,0
RCI,0
ROG,0
ROL,0
RY^T,0
RDS.A,0
RDS.B,0
RGT,0
RMT,0
RVT,0
RPM,0
RPT,0
RPT^D,0
RHP,0
SPGI,0
SBR,0
SB^C,0
SB^D,0
SFE,0
SAIL,0
SMM,0
SBH,0
SJT,0
SAND          ,0
SSL,0
BFS^D,0
BFS^E,0
SCPE,0
SCPE.U,0
SCPE.WS,0
SLB,0
SNDR,0
SWM,0
SAIC,0
SALT,0
SBBA,0
SMG,0
KTF,0
KSM,0
SRL,0
SCU,0
SCVX,0
SCVX.U,0
SCVX.WS,0
CKH,0
SMHI,0
SEAS,0
WTTR,0
SLQT,0
SRE^A,0
SRE^B,0
SREA,0
SXT,0
SQNS,0
SRG,0
SRG^A,0
SCI,0
SFL,0
SJR,0
SHLX,0
SHW,0
SHG,0
SSTK,0
SBSW,0
SBOW,0
SPG^J,0
SITC,0
SITC^A,0
SITC^K,0
SITE,0
SKM,0
SLG,0
SLG^I,0
SNN,0
IPOB,0
IPOB.U,0
IPOB.WS,0
IPOC,0
IPOC.U,0
IPOC.WS,0
SQM,0
SOGO,0
SOI,0
SAH,0
SJI,0
SJIJ,0
SJIU,0
SCE^G,0
SCE^H,0
SCE^J,0
SCE^K,0
SCE^L,0
SOJA,0
SOJB,0
SOJC,0
SOJD,0
SOLN,0
SCCO,0
SWX,0
SWN,0
SPAQ.U,0
SPAQ.WS,0
SPE^B,0
SPB           ,0
SR^A,0
SRC,0
SRC^A,0
SRLP,0
SII,0
SPXC,0
FLOW,0
STAG^C,0
SMP,0
SXI,0
SWK,0
SWT,0
SGU,0
STPK.U,0
SRT,0
STWD,0
STT,0
STT^D,0
STT^G,0
SPLP,0
SPLP^A,0
SCM,0
SCL,0
STL^A,0
SF^A,0
SF^B,0
SF^C,0
SFB,0
EDF,0
SRI,0
GJH,0
GJO,0
GJS,0
SYK,0
MSC,0
SPH,0
SMFG,0
INN^D,0
INN^E,0
SMLP,0
SUI,0
SLF,0
SXC,0
SHO^E,0
SHO^F,0
SOAC.U,0
SOAC.WS,0
SUZ,0
SWZ,0
SWCH,0
SBE,0
SBE.U,0
SBE.WS,0
SYF,0
SYF^A,0
SNX,0
SNV,0
SNV^D,0
SNV^E,0
GJP,0
GJR,0
GJT,0
SYY,0
TALO,0
SKT,0
TPR,0
NGLS^A,0
TRGP,0
TARO,0
TCO,0
TCO^J,0
TCO^K,0
TMHC,0
TRP,0
TCP,0
TSI,0
TISI,0
TECK,0
TGP,0
TGP^A,0
TGP^B,0
TNK,0
TGNA,0
TRC,0
HQH,0
THQ,0
HQL,0
THW,0
TEO,0
TFX,0
TEF,0
TDE,0
TDI,0
TDJ,0
TEI,0
GIM,0
TPX,0
THC,0
TNC,0
TVC,0
TVE,0
TDC,0
TEX,0
TRNO,0
TEVA,0
TPL,0
TGH,0
TXT,0
TFII,0
AES,0
BK^C,0
CEE,0
SCHW^C,0
SCHW^D,0
GDV,0
GDV^A,0
GDV^G,0
GDV^H,0
GRX,0
GRX^B,0
GDL,0
GDL^C,0
THG,0
THGA,0
TMO,0
TPRE,0
TDW,0
TDW.WS.A,0
TDW.WS.B,0
TLYS,0
TKR,0
TMST,0
BLD,0
TTC,0
SHLL,0
SHLL.U,0
SHLL.WS,0
NDP,0
TYG,0
TEAF,0
NTG,0
TTP,0
TPZ,0
TSQ,0
TRTX,0
TCI,0
TDG,0
TGS,0
TREB,0
TREB.U,0
TREB.WS,0
TREC,0
TREX,0
TY^,0
TPH,0
TRNE,0
TRNE.U,0
TRNE.WS,0
TNET,0
TRN,0
TPVG,0
TPVY,0
GTS,0
TRTN,0
TRTN^A,0
TRTN^B,0
TRTN^C,0
TRTN^D,0
TGI,0
TROX,0
TFC,0
TFC^F,0
TFC^G,0
TFC^H,0
TFC^I,0
TFC^O,0
TFC^R,0
TNP,0
TNP^C,0
TNP^D,0
TNP^E,0
TNP^F,0
TUFN,0
TKC,0
TPB,0
TPC,0
TRWH,0
TWO^A,0
TWO^B,0
TWO^C,0
TWO^D,0
TWO^E,0
TYL,0
USB^A,0
USB^H,0
USB^M,0
USB^O,0
USB^P,0
USPH,0
USX,0
UBS,0
UDR,0
UGI,0
UGP,0
UMH,0
UMH^B,0
UMH^C,0
UMH^D,0
UAA,0
UFI,0
UNP,0
UIS,0
USM,0
UZA,0
UZB,0
UZC,0
UZD,0
UNVR,0
UVV,0
UHT,0
UVE,0
UNM,0
UNMA,0
UBA,0
UBP^H,0
UBP^K,0
USFD,0
USAC,0
USNA,0
USDP,0
BIF,0
VFC,0
EGY,0
VALE,0
VLO,0
VHI,0
VMI,0
VVV,0
VAPO,0
VAR,0
VGR,0
VEC,0
VEDL,0
VNTR,0
VTR,0
VNE,0
VER^F,0
VRTV,0
VET,0
VRS,0
VCIF,0
VERT.U,0
VRT,0
VRT.WS,0
VVI,0
VICI,0
VNCE,0
VHC,0
VGI,0
ZTR,0
VSH,0
VPG,0
VIST,0
VST.WS.A,0
VVNT,0
VVNT.WS,0
VSLR,0
VCRA,0
VNO,0
VNO^K,0
VNO^L,0
VNO^M,0
VJET,0
IAE,0
IHD,0
VOYA,0
VOYA^B,0
IGD,0
IID,0
VMC,0
WRB,0
WRB^B,0
WRB^C,0
WRB^D,0
WRB^E,0
WRB^F,0
GWW,0
WNC,0
WDR,0
HCC,0
WPG,0
WPG^H,0
WPG^I,0
WRE,0
WCN,0
WSO.B,0
WTS,0
WBS^F,0
WEC,0
WMK,0
WFC^L,0
WFC^N,0
WFC^O,0
WFC^P,0
WFC^Q,0
WFC^R,0
WFC^T,0
WFC^V,0
WFC^W,0
WFC^X,0
WFC^Y,0
WFC^Z,0
WCC,0
WCC^A,0
WST,0
WALA,0
GDO,0
EHI,0
HIX,0
HIO,0
HYI,0
SBI,0
MMU,0
WMC,0
DMO,0
MTT,0
MHF,0
MNP,0
WIA,0
WES,0
WLK,0
WLKP,0
WBK,0
WRK,0
WHG,0
WEX,0
WTM,0
WSR,0
WLL,0
WMB,0
WSM,0
WGO,0
WWE,0
WPP,0
WPX,0
WYND,0
XYF,0
XFLT,0
XHR,0
XIN,0
XYL,0
YELP,0
YEXT,0
YRD,0
DAO,0
YPF,0
YAC.U,0
ZEN,0
ZBH,0
ZTS,0
ZUO,0
ZYME,0
TXG,0
PIH,0
PIHPP,0
TURN,0
BCOW,0
ONEM,0
FCCY,0
SRCE,0
VNET,0
TWOU,0
QFIN,0
KRKR,0
ETNB,0
JFKKR,0
JFKKU,0
JFKKW,0
JFU,0
AAON,0
ABEO,0
ABMD,0
AXAS,0
ACIU,0
ACIA,0
ACTG,0
ACHC,0
ACAD,0
ACAM,0
ACAMU,0
ACAMW,0
ACST,0
AXDX,0
XLRN,0
ACCD,0
ARAY,0
ACEVU,0
ACRX,0
ACER,0
ACHV,0
ACIW,0
ACRS,0
ACMR,0
ACNB,0
ACOR,0
AFIB,0
ADMS,0
ADMP,0
AHCO,0
ADAP,0
ADPT,0
ADXN,0
ADUS,0
AEY,0
ADIL,0
ADILW,0
ADTX,0
ADMA,0
ADTN,0
ADRO,0
AEIS,0
ADXS,0
ADVM,0
DWEQ,0
DWAW,0
DWUS,0
DWMC,0
DWSH,0
AEGN,0
AGLE,0
AEHR,0
AMTX,0
AERI,0
AVAV,0
ARPO,0
AIH,0
AEZS,0
AEMD,0
AFMD,0
AFYA,0
AGBA,0
AGBAR,0
AGBAU,0
AGBAW,0
AGEN,0
AGRX,0
AGYS,0
AGIO,0
AGMH,0
AGNC,0
AGNCM,0
AGNCN,0
AGNCO,0
AGNCP,0
AGFS,0
AIKI,0
ALRN,0
AIMT,0
AIRT,0
AIRTP,0
AIRTW,0
ATSG,0
AIRG,0
ANTE,0
AKTX,0
AKCA,0
KERN,0
KERNW,0
AKRO,0
AKUS,0
AKTS,0
ALRM,0
ALAC,0
ALACR,0
ALACU,0
ALACW,0
ALBO,0
ALDX,0
ALEC,0
ALRS,0
ALXN,0
ALCO,0
ALGN,0
ALIM,0
ALYA,0
ALJJ,0
ALLK,0
ABTX,0
ALGT,0
ALNA,0
ARLP,0
AESE,0
AHPI,0
AMOT,0
ALLT,0
ALVR,0
MDRX,0
ALNY,0
AOSL,0
SMCP,0
ATEC,0
ALPN,0
ALTA,0
ALTR,0
ASPS,0
AIMC,0
ALTM,0
ALXO,0
AMAG,0
AMAL,0
AMRN,0
AMRK,0
AMBA,0
AMCX,0
AMCI,0
AMCIU,0
AMCIW,0
DOX,0
AMTB,0
AMTBB,0
UHAL,0
AMRH,0
AMRHW,0
ATAX,0
AFIN,0
AFINP,0
AMNB,0
ANAT,0
AOUTV,0
APEI,0
AREC,0
AMRB,0
AMSWA,0
AMSC,0
AVCT,0
AVCTW,0
AMWD,0
CRMT,0
ABCB,0
AMSF,0
ASRV,0
ASRVP,0
ATLO,0
AMGN,0
FOLD,0
AMKR,0
AMPH,0
IBUY,0
AMHC,0
AMHCU,0
AMHCW,0
AMYT,0
ASYS,0
AMRS,0
ANAB,0
AVXL,0
ANCN,0
ANDA,0
ANDAR,0
ANDAU,0
ANDAW,0
ANGI,0
ANGO,0
ANIK,0
ANIX,0
ANNX,0
ANPC,0
ANSS,0
ATRS,0
ATEX,0
APLS,0
APEX,0
APXT,0
APXTU,0
APXTW,0
APHA,0
APOG,0
APEN,0
AINV,0
APPF,0
APDN,0
AGTC,0
AMTI,0
AAOI,0
APLT,0
APRE,0
APVO,0
APTX,0
APM,0
APTO,0
APYX,0
AQMS,0
AQST,0
ARAV,0
ABUS,0
ABIO,0
RKDA,0
ARCB,0
ACGL,0
ACGLO,0
ACGLP,0
ARCE,0
ARCT,0
ARQT,0
ARDX,0
ARNA,0
ARCC,0
ARGX,0
ARKR,0
DWCR,0
DWAT,0
AROW,0
ARWR,0
ARTL,0
ARTLW,0
ARTNA,0
AACQU,0
ARTW,0
ARVN,0
ARYB,0
ARYBU,0
ARYBW,0
ARYA,0
ASND,0
APWC,0
ASLN,0
ASPU,0
AZPN,0
ASMB,0
ASRT,0
ASFI,0
ASTE,0
ATRO,0
ASTC,0
ASUR,0
AACG,0
ATRA,0
ATNX,0
ATHX,0
ATIF,0
ACBI,0
AUB,0
AUBAP,0
ATLC,0
AAWW,0
AFH,0
ATCX,0
ATCXW,0
ATNI,0
ATOM,0
ATOS,0
BCEL,0
ATRC,0
ATRI,0
AUBN,0
AUDC,0
AEYE,0
AUPH,0
AUTL,0
ADP,0
AVDL,0
AVCO,0
ATXI,0
AVEO,0
AVNW,0
CDMO,0
CDMOP,0
AVID,0
AVGR,0
RCEL,0
AVT,0
AVRO,0
AWRE,0
ACLS,0
AXLA,0
AXGN,0
AAXN,0
AXNX,0
AXGT,0
AXSM,0
AXTI,0
AYLA,0
AYRO,0
AYTU,0
AZRX,0
BCOM,0
RILYG,0
RILYH,0
RILYI,0
RILYM,0
RILYN,0
RILYO,0
RILYP,0
RILYZ,0
BOSC,0
BCPC,0
BLDP,0
BANF,0
BANFP,0
BCTF,0
BFC,0
BOCH,0
BMRC,0
BMLP,0
BKSC,0
BOTJ,0
OZK,0
BSVN,0
BFIN,0
BWFG,0
BANR,0
DFVL,0
DFVS,0
TAPR,0
BBSI,0
BSET,0
ZTEST,0
BXRX,0
BCML,0
BCBP,0
BECN,0
BEAM,0
BBGI,0
BGNE,0
BELFA,0
BELFB,0
BLPH,0
BLCM,0
BNFT,0
BNTC,0
BRY,0
BWMX,0
BYSI,0
BGCP,0
BCYC,0
BGFV,0
BRPA,0
BRPAR,0
BRPAU,0
BRPAW,0
BCDA,0
BCDAW,0
BCRX,0
BDSI,0
BFRA,0
BIIB,0
BHTG,0
BKYI,0
BIOL,0
BLFS,0
BLRX,0
BMRA,0
BNGO,0
BNGOW,0
BVXV,0
BPTH,0
BSGM,0
BSTC,0
BIVI,0
BTAI,0
BDTX,0
BLKB,0
BKCC,0
TCPC,0
BLNKW,0
BLMN,0
BCOR,0
BLBD,0
BHAT,0
BLCT,0
BKEP,0
BKEPP,0
BPMC,0
ITEQ,0
BMCH,0
BSBK,0
WIFI,0
BOKF,0
BOKFL,0
BNSO,0
BIMI,0
BRQS,0
BOMN,0
BPFH,0
EPAY,0
BOWXU,0
BCLI,0
BWAY,0
BBI,0
BDGE,0
BBIO,0
BLIN          ,0
BWB,0
BRID,0
BCOV,0
BHF,0
BHFAL,0
BHFAO,0
BHFAP,0
BRLI,0
BRLIR,0
BRLIU,0
BRLIW,0
AVGO,0
AVGOP,0
BYFC,0
BWEN,0
BROG,0
BROGW,0
BPY,0
BPYPN,0
BPYPO,0
BPYPP,0
BPYU,0
BPYUP,0
BRKL,0
BRKS,0
BRP,0
BRKR,0
BMTC,0
BSQR,0
BLDR,0
BNR,0
BFST,0
CFFI,0
CHRW,0
CABA,0
CCMP,0
CDNS,0
CDZI,0
CSTE,0
CLBS,0
CCD,0
CGO,0
CPZ,0
CSQ,0
CVGW,0
CALB,0
CALA,0
CALT,0
CALM,0
CLMT,0
CLXT,0
CMBM,0
CAMT,0
CGIX,0
CPHC,0
CBNK,0
CCBG,0
CPLP,0
CSWC,0
CSWCL,0
CPTA,0
CPTAG,0
CPTAL,0
CFFN,0
CAPR,0
CSTR,0
CPST,0
CARA,0
CRDF,0
CSII,0
CDLX,0
CATM,0
CDNA,0
CARG,0
PRTS,0
CARV,0
CASA,0
CWST,0
CASY,0
CASI,0
CASS,0
SAVA,0
CSTL,0
CTRM,0
CATB,0
CBIO,0
CPRX,0
CATY,0
CVCO,0
CBFV,0
CBAT,0
CBMB,0
CBTX,0
CDK,0
CDW,0
CECE,0
CELC,0
CLDX,0
APOP,0
APOPW,0
CLRB,0
CLRBZ,0
CLLS,0
CBMG,0
CLSN,0
CYAD,0
CETX,0
CETXP,0
CETXW,0
CDEV,0
CNTG,0
CETV,0
CENTA,0
CVCY,0
CENX,0
CNBKA,0
CNTY,0
CRNT,0
CERC,0
CRNC,0
CERN,0
CERS,0
CEVA,0
CFBK,0
CFFA,0
CFFAU,0
CFFAW,0
CSBR,0
CHNG,0
CHNGU,0
CTHR,0
GTLS,0
CHKP,0
CHEK,0
CHEKZ,0
CMPI,0
CKPT,0
CEMI,0
CCXI,0
CHMG,0
CHFS,0
CHMA,0
CSSE,0
CSSEN,0
CSSEP,0
CMRX,0
CAAS,0
CBPO,0
CCCL,0
CCRC,0
JRJC,0
HGSH,0
CIH,0
CJJD,0
CLEU,0
CHNR,0
CREG,0
SXTC,0
CXDC,0
PLIN,0
CNET,0
IMOS,0
COFS,0
CHPM,0
CHPMU,0
CHPMW,0
CDXC,0
CHSCL,0
CHSCM,0
CHSCN,0
CHSCO,0
CHSCP,0
CHDN,0
CHUY,0
CDTX,0
CIIC,0
CIICU,0
CIICW,0
CMCT,0
CMCTP,0
CMPR,0
CNNB,0
CINF,0
CIDM,0
CTRN,0
CTXR,0
CTXRW,0
CZNC,0
CZWI,0
CIZN,0
CHCO,0
CIVB,0
CLNE,0
CLSK,0
CACG,0
YLDE,0
LRGE,0
CLFD,0
CLRO,0
CLPT,0
CLSD,0
CLIR,0
CBLI,0
CLVS,0
CLPS,0
CCNE,0
CNSP,0
CCB,0
COKE,0
COCP,0
CODA,0
CCNC,0
CDXS,0
CVLY,0
JVA,0
CCOI,0
CGNX,0
CTSH,0
CWBR,0
COHR,0
COHU,0
CGRO,0
CGROU,0
CGROW,0
CLCT,0
CIGI,0
CLGN,0
CBAN,0
HHT,0
COLB,0
CLBK,0
COLM,0
CMCO,0
CMCSA,0
CBSH,0
CBSHP,0
CVGI,0
JCS,0
ESXB,0
CFBI,0
CTBI,0
CWBC,0
CVLT,0
CGEN,0
CPSI,0
CTG,0
SCOR,0
CHCI,0
CMTL,0
CNCE,0
BBCP,0
CNDT,0
CFMS,0
CNFR,0
CNFRL,0
CNOB,0
CNSL,0
CWCO,0
CNST,0
CPSS,0
CFRX,0
CPAA,0
CPAAU,0
CPAAW,0
CPRT,0
CORT,0
CORE,0
CSOD,0
CRTX,0
CLDB,0
CRVL,0
CRVS,0
CSGP,0
CPAH,0
ICBK,0
CVLG,0
CVET,0
COWN,0
COWNL,0
COWNZ,0
CPSH,0
CRAI,0
CBRL,0
BREW,0
CREX,0
CREXW,0
CACC,0
GLDI,0
SLVO,0
USOI,0
CRSA,0
CRSAU,0
CRSAW,0
CCAP,0
CRESY,0
CXDO,0
CRNX,0
CRTO,0
CROX,0
CRON,0
CCRN,0
CFB,0
CRWS,0
CYRX,0
CSGS,0
CCLP,0
CSPI,0
CSWI,0
CSX,0
CTIC,0
CUE,0
CPIX,0
CMLS,0
CRIS,0
CUTR,0
CVBF,0
CVV,0
CYAN,0
CYBR,0
CYBE,0
CYCC,0
CYCCP,0
CYCN,0
CBAY,0
CYRN,0
CONE,0
CYTK,0
CTMX,0
CTSO,0
DADA,0
DJCO,0
DAKT,0
DARE,0
DRIO,0
DRIOW,0
DZSI,0
DSKE,0
DSKEW,0
DAIO,0
DTSS,0
DTEA,0
DFNL,0
DINT,0
DUSA,0
DWLD,0
DWSN,0
DBVT,0
DCPH,0
DFHTU,0
IBBJ,0
DCTH,0
DNLI,0
DENN,0
XRAY,0
DMTK,0
DXLG,0
DSWL,0
DXCM,0
DFPH,0
DFPHU,0
DFPHW,0
DMAC,0
DHIL,0
DPHCU,0
DPHCW,0
DFFN,0
DGII,0
DMRC,0
DRAD,0
DRADP,0
DCOM,0
DCOMP,0
DIOD,0
DRTT,0
DISCA,0
DISCB,0
DISCK,0
DISH,0
DHC,0
DHCNI,0
DHCNL,0
DLHC,0
DOGZ,0
DLPN,0
DLPNW,0
DOMO,0
DGICA,0
DGICB,0
DMLP,0
DORM,0
DOYU,0
LYL,0
DSPG,0
DCT,0
DLTH,0
DNKN,0
DUOT,0
DRRX,0
DXPE,0
DYAI,0
DYNT,0
DVAX,0
ETFC,0
ETACU,0
SSP,0
EBMT,0
EGBN,0
EGLE,0
EGRX,0
ERESU,0
ESSC,0
ESSCR,0
ESSCU,0
ESSCW,0
EWBC,0
EML,0
EVGBC,0
EVSTC,0
EVLMC,0
EBON,0
EBAYL,0
EBIX,0
ECHO,0
SATS,0
MOHO,0
EDAP,0
EDSA,0
EDNT,0
EDUC,0
EHTH,0
EIDX,0
EIGR,0
EKSO,0
LOCO,0
ESLT,0
SOLOW,0
ESBK,0
ELOX,0
ELTK,0
EMCF,0
EMKR,0
ECPG,0
WIRE,0
ENDP,0
NDRA,0
NDRAW,0
EIGI,0
EFOI,0
ERII,0
ENLV,0
ENOB,0
ESGR,0
ESGRO,0
ESGRP,0
ETTX,0
ENTG,0
ENTX,0
ENTXW,0
EBTC,0
EFSC,0
EVSI,0
EVSIW,0
EPZM,0
PLUS,0
EPSN,0
EQBK,0
ERIE,0
ERYP,0
ESCA,0
ESPR,0
GMBL,0
GMBLW,0
ESQ,0
ESSA,0
EPIX,0
ESTA,0
VBND,0
VUSE,0
ETON,0
CLWT,0
EDRY,0
EEFT,0
ESEA,0
EVLO,0
EVBG,0
EVK,0
MRAM,0
EVFM,0
EVGN,0
EVOK,0
EOLS,0
EVOL,0
EXAS,0
XGN,0
ROBO,0
XELA,0
EXEL,0
EXFO,0
XCUR,0
EXLS,0
EXPE,0
EXPD,0
EXPC,0
EXPCU,0
EXPCW,0
EXPO,0
EXTR,0
EYEG,0
EYEN,0
EYPT,0
EZPW,0
FFIV,0
FLMN,0
FLMNW,0
DUO,0
FANH,0
FARM,0
FMAO,0
FMNB,0
FAMI,0
FARO,0
FATBP,0
FATBW,0
FATE,0
FTHM,0
FBSS,0
FNHC,0
FENC,0
GSM,0
FFBW,0
FGEN,0
FDBC,0
ONEQ,0
FDUS,0
FDUSG,0
FDUSL,0
FDUSZ,0
FRGI,0
FITBO,0
FITBP,0
FISI,0
FSRV,0
FSRVU,0
FSRVW,0
FTAC,0
FTACU,0
FTACW,0
FBNC,0
FNLC,0
FRBA,0
BUSE,0
FBIZ,0
FCAP,0
FCBP,0
FCNCA,0
FCNCP,0
FCBC,0
FCCO,0
FCRD,0
FFBC,0
FFIN,0
THFF,0
FFNW,0
FFWM,0
FGBI,0
FHB,0
INBK,0
INBKL,0
INBKZ,0
FIBK,0
FRME,0
FMBH,0
FMBI,0
FMBIO,0
FMBIP,0
FXNC,0
FNWB,0
FSFG,0
FSEA,0
FSLR,0
FAAR,0
FPA,0
FBZ,0
FTHI,0
FCAL,0
FCAN,0
FTCS,0
FCEF,0
FCA,0
SKYY,0
RNDM,0
FDT,0
FDTS,0
FVC,0
IFV,0
DDIV,0
DVOL,0
DVLU,0
DWPP,0
DALI,0
FDNI,0
FEM,0
RNEM,0
FEMB,0
FEMS,0
FTSM,0
FEP,0
FEUZ,0
FGM,0
FTGC,0
FTLB,0
HYLS,0
FHK,0
NFTY,0
FTAG,0
FTRI,0
LEGR,0
NXTG,0
FPXI,0
FPXE,0
FJP,0
FEX,0
RNLC,0
FLN,0
LMBS,0
LDSF,0
FMB,0
FMK,0
FNX,0
FNY,0
RNMC,0
FNK,0
FAD,0
FAB,0
MDIV,0
MCEF,0
FMHI,0
QABA,0
ROBT,0
FTXO,0
QCLN,0
GRID,0
CIBR,0
FTXG,0
CARZ,0
FTXN,0
FTXH,0
FTXD,0
FTXL,0
TDIV,0
FTXR,0
QQEW,0
QQXT,0
QTEC,0
AIRR,0
RDVY,0
RFAP,0
RFDI,0
RFEM,0
RFEU,0
FTSL,0
FYX,0
FYC,0
RNSC,0
SDVY,0
FKO,0
FCVT,0
FDIV,0
FSZ,0
FIXD,0
TUSA,0
FKU,0
RNDV,0
FUNC,0
FUSB,0
MYFW,0
FCFS,0
SVVC,0
FSV,0
FPRX,0
FVE,0
FIVN,0
FLEX,0
FLXN,0
SKOR,0
MBSD,0
ASET,0
ESGG,0
LKOR,0
QLC,0
FPAY,0
FLXS,0
FLNT,0
FLDM,0
FNCB,0
FOCS,0
FONR,0
FRSX,0
FMTX,0
FORTY,0
FORR,0
FBRX,0
FRTA,0
FBIO,0
FBIOP,0
FMCI,0
FMCIU,0
FMCIW,0
FIIIU,0
FWRD,0
FWP,0
FOSL,0
FOX,0
FOXA,0
FOXF,0
FRG,0
FELE,0
FRAF,0
FRHC,0
FRLN,0
FEIM,0
FREQ,0
FRPT,0
FTDR,0
FRPH,0
FSBW,0
FSDC,0
FTEK,0
FULC,0
FLGT,0
FORK,0
FLL,0
FULT,0
FNKO,0
FTFT,0
FFHL,0
FVCB,0
WILC,0
GTHX,0
GAIA,0
GLPG,0
GALT,0
GRTX,0
GLMD,0
GMDA,0
GLPI,0
GRMN,0
GARS,0
GLIBA,0
GLIBP,0
GNSS,0
GFN,0
GFNCP,0
GFNSL,0
GBIO,0
GENE,0
GNFT,0
GMAB,0
GNMK,0
GNCA,0
GNPX,0
GNTX,0
THRM,0
GEOS,0
GABC,0
GERN,0
GIGM,0
GIII,0
GILT,0
GLAD,0
GLADD,0
GLADL,0
GOODM,0
GOODN,0
GAINL,0
GAINM,0
LANDP,0
GLBZ,0
GBLI,0
GBLIL,0
GWRS,0
AIQ,0
POTX,0
KRMA,0
BUG,0
EBIZ,0
EDUT,0
FINX,0
GNOM,0
BFIT,0
SNSR,0
LNGR,0
MILN,0
EFAS,0
QYLD,0
CATH,0
CEFA,0
SOCL,0
ALTY,0
SRET,0
EDOC,0
GXTG,0
HERO,0
YLCO,0
GLBS,0
GSMG,0
GSMGW,0
GLUU,0
GLYC,0
GLNG,0
GMLP,0
GMLPP,0
BTBT,0
GDEN,0
GOGL,0
GBDC,0
GTIM,0
GSHD,0
GPRO,0
GHIV,0
GHIVU,0
GHIVW,0
GRSVU,0
GMHI,0
GMHIU,0
GMHIW,0
GOSS,0
LOPE,0
GRVY,0
GECC,0
GECCL,0
GECCM,0
GECCN,0
GEC,0
GSBC,0
GRBK,0
GPP,0
GPRE,0
GRCYU,0
GCBC,0
GTEC,0
GNLN,0
GLRE,0
GRNQ,0
GNRS,0
GNRSU,0
GNRSW,0
GSKY,0
GRNV,0
GRNVR,0
GRNVU,0
GRNVW,0
GDYN,0
GDYNW,0
GSUM,0
GRIF,0
GRFS,0
GRIN,0
GRTS,0
OMAB,0
GGAL,0
GVP,0
GSIT,0
GTYH,0
GNTY,0
GFED,0
GHSI,0
GIFI,0
GPOR,0
GWPH,0
GWGH,0
GXGX,0
GXGXU,0
GXGXW,0
GYRO,0
HEES,0
HLG,0
HOFV,0
HOFVW,0
HNRG,0
HALO,0
HLNE,0
HJLI,0
HJLIW,0
HWC,0
HWCPL,0
HWCPZ,0
HAFC,0
HCDI,0
HLIT,0
HRMY,0
HARP,0
HBIO,0
HCAP,0
HCAPZ,0
HWKN,0
HWBK,0
HYAC,0
HYACU,0
HYACW,0
HAYN,0
HBT,0
HDS,0
HHR,0
HCAT,0
HSAQ,0
HCCO,0
HCCOU,0
HCCOW,0
HCSG,0
HTIA,0
HQY,0
HSTM,0
HTLD,0
HTLF,0
HTLFP,0
HTBX,0
HEBT,0
HSII,0
HELE,0
HLIO,0
HSDT,0
HMTV,0
HNNA,0
HCACU,0
HSIC,0
HEPA,0
HTBK,0
HFWA,0
HCCI,0
MLHR,0
HRTX,0
HSKA,0
HFFG,0
HIBB,0
SNLN,0
HIHO,0
HIMX,0
HIFS,0
HQI,0
HSTO,0
HKIT,0
HCCH,0
HCCHR,0
HCCHU,0
HCCHW,0
HMNF,0
HMSY,0
HOLUU,0
HOLI,0
HOLX,0
HBCP,0
HOMB,0
HFBL,0
HMST,0
HTBI,0
FIXX,0
HOFT,0
HOOK,0
HBNC,0
HRZN,0
TWNKW,0
HOTH,0
HMHC,0
HWCC,0
HOVNP,0
HBMD,0
HTGM,0
HTHT,0
HUBG,0
HUSN,0
HECCU,0
HECCW,0
HSON,0
HDSN,0
HUIZ,0
HBAN,0
HBANN,0
HBANO,0
HURC,0
HURN,0
HCM,0
HBP,0
HVBC,0
HYMC,0
HYMCW,0
HYRE,0
IIIV,0
IBEX,0
ICAD,0
ICCH,0
ICFI,0
ICHR,0
ICLK,0
ICLR,0
ICON,0
ICUI,0
IPWR,0
IDEX,0
IDYA,0
IDRA,0
IDXX,0
IESC,0
IROQ,0
IFMK,0
IGMS,0
IHRT,0
IIVI,0
IIVIP,0
IKNX,0
ILMN,0
IMAB,0
IMAC,0
IMACW,0
ISNS,0
IMRA,0
IMBI,0
IMTX,0
IMTXW,0
IMMR,0
IMUX,0
IMGN,0
IMMU,0
IMVT,0
IMRN,0
IMRNW,0
IMMP,0
IMV,0
NARI,0
INCY,0
INDB,0
IBCP,0
IBTX,0
ILPT,0
INFN,0
IFRX,0
IEA,0
IEAWW,0
IMKTA,0
INBX,0
INMD,0
INMB,0
IPHA,0
INWK,0
INOD,0
IOSP,0
ISSC,0
INVA,0
INGN,0
INOV,0
INZY,0
INPX,0
INSG,0
NSIT,0
ISIG,0
INSM,0
INSE,0
IIIN,0
PODD,0
INSU,0
INSUU,0
INSUW,0
IART,0
IMTE,0
IPAR,0
ICPT,0
IDCC,0
TILE,0
IBOC,0
IGIC,0
IGICW,0
IMXI,0
IDXG,0
XENT,0
IPLDP,0
IVAC,0
ITCI,0
IIN,0
ISRG,0
PLW,0
ADRE,0
BSCK,0
BSJK,0
BSCL,0
BSJL,0
BSML,0
BSAE,0
BSCM,0
BSJM,0
BSMM,0
BSBE,0
BSCN,0
BSJN,0
BSMN,0
BSCE,0
BSCO,0
BSJO,0
BSMO,0
BSDE,0
BSCP,0
BSJP,0
BSMP,0
BSCQ,0
BSJQ,0
BSMQ,0
BSCR,0
BSJR,0
BSMR,0
BSCS,0
BSMS,0
BSCT,0
BSMT,0
PKW,0
PFM,0
PYZ,0
PEZ,0
PIZ,0
PXI,0
PTH,0
PDP,0
DWAS,0
PTF,0
PUI,0
IDLB,0
PRFZ,0
PIO,0
PGJ,0
PEY,0
IPKW,0
KBWB,0
KBWD,0
KBWY,0
KBWP,0
KBWR,0
PNQI,0
PDBC,0
ISDX,0
ISEM,0
IUS,0
IUSS,0
USLB,0
PSCD,0
PSCC,0
PSCE,0
PSCF,0
PSCH,0
PSCI,0
PSCT,0
PSCM,0
PSCU,0
VRIG,0
CMFNL,0
ICMB,0
ISBC,0
NVIV,0
IOVA,0
IPGP,0
CLRG,0
CSML,0
IRMD,0
IRTC,0
IRIX,0
IRDM,0
IRBT,0
IRWD,0
IRCP,0
SLQD,0
ISHG,0
IEI,0
IEF,0
AIA,0
COMT,0
ISTB,0
IXUS,0
IUSG,0
IUSV,0
IUSB,0
HEWG,0
DMXF,0
USXF,0
SUSB,0
ESGD,0
ESGE,0
ESGU,0
SUSC,0
LDEM,0
SUSL,0
FALN,0
IFGL,0
BGRN,0
IGF,0
GNMA,0
IBTB,0
IBTD,0
IBTE,0
IBTF,0
IBTG,0
IBTH,0
IBTI,0
IBTJ,0
IBTK,0
HYXE,0
IGIB,0
IGOV,0
JKI,0
ACWX,0
ACWI,0
AAXJ,0
EWZS,0
MCHI,0
SCZ,0
EEMA,0
EMXC,0
EUFN,0
IEUS,0
EWJE,0
EWJV,0
ENZL,0
QAT,0
UAE,0
PFF,0
AMCA,0
EMIF,0
ICLN,0
WOOD,0
INDY,0
IJT,0
DVY,0
IGSB,0
ITMR,0
ITRM,0
ITRI,0
ITRN,0
ISEE,0
JJSF,0
MAYS,0
JBHT,0
JCOM,0
JKHY,0
JAGX,0
JAKK,0
JRVR,0
JSML,0
JSMD,0
JRSH,0
JCTCF,0
JFIN,0
JMPNL,0
JMPNZ,0
JBSS,0
JNCE,0
KALU,0
KXIN,0
KALA,0
KLDO,0
KALV,0
KMDA,0
KRTX,0
KPTI,0
KZIA,0
KBLM,0
KBLMR,0
KBLMU,0
KBLMW,0
KBSF,0
KRNY,0
KELYA,0
KELYB,0
KFFB,0
KROS,0
KEQU,0
KTCC,0
KZR,0
KFRC,0
KBAL,0
KGJI,0
KINS,0
KNSA,0
KNSL,0
KTRA,0
KSMTU,0
KTOV,0
KTOVW,0
KLAC,0
KLXE,0
KOPN,0
KRNT,0
KOSS,0
KWEB,0
KRYS,0
KBNT,0
KBNTW,0
KLIC,0
KURA,0
KRUS,0
KVHI,0
FSTR,0
LJPC,0
LSBK,0
LBAI,0
LKFN,0
LAKE,0
LAMR,0
LCAHU,0
LCAHW,0
LNDC,0
LARK,0
LMRK,0
LMRKN,0
LMRKO,0
LMRKP,0
LTRN,0
LNTH,0
LTRX,0
LRMR,0
LSCC,0
LAUR,0
LAWS,0
LAZY,0
LCNB,0
LPTX,0
LEGH,0
LEGN,0
INFR,0
LVHD,0
SQLV,0
LACQ,0
LACQU,0
LACQW,0
LMAT,0
LEVL,0
LEVLP,0
LXRX,0
LFAC,0
LFACU,0
LFACW,0
LGIH,0
LHCG,0
LLIT,0
LBRDA,0
LBRDK,0
LBTYA,0
LBTYB,0
LBTYK,0
LILA,0
LILAK,0
BATRA,0
BATRK,0
FWONA,0
FWONK,0
LSXMA,0
LSXMB,0
LSXMK,0
LTRPA,0
LTRPB,0
LSAC,0
LSACU,0
LSACW,0
LCUT,0
LFVN,0
LGND,0
LTBR,0
LPTH,0
LMB,0
LMST,0
LMNL,0
LMNR,0
LINC,0
LECO,0
LIND,0
LGHL,0
LGHLW,0
LCAPU,0
LPCN,0
LIQT,0
YVR,0
LQDA,0
LQDT,0
LFUS,0
LIVK,0
LIVKU,0
LIVKW,0
LIVN,0
LOB,0
LPSN,0
LIVX,0
LKQ,0
LMFAW,0
LMPX,0
LOGC,0
LOGM,0
CNCR,0
CHNA,0
LOAC,0
LOACR,0
LOACU,0
LOACW,0
LORL,0
LPLA,0
LYTS,0
LMNX,0
LUMO,0
LUNA,0
LKCO,0
LBC,0
LYRA,0
MCBC,0
MFNC,0
MTSI,0
MGNX,0
MDGL,0
MAGS,0
MGLN,0
MGTA,0
MGIC,0
MGNI,0
MGYR,0
MHLD,0
MNSB,0
MJCO,0
MMYT,0
MLAC,0
MLACU,0
MLACW,0
MBUU,0
MLVF,0
MANH,0
LOAN,0
MNTX,0
MTEX,0
MNKD,0
MANT,0
MARA,0
MCHX,0
MRIN,0
MARPS,0
MRNS,0
MRKR,0
MKTX,0
MRLN,0
MBII,0
MRTN,0
MMLP,0
MASI,0
MTCH,0
MTLS,0
MTRX,0
MATW,0
MAXNV,0
MXIM,0
MGRC,0
MDCA,0
MDJH,0
MDRR,0
MDRRP,0
MBNKP,0
MFIN,0
MFINL,0
MDIA,0
MNOV,0
MDGS,0
MDGSW,0
MDWD,0
MEDP,0
MEIP,0
MGTX,0
MLCO,0
MNLO,0
MTSL,0
MBWM,0
MERC,0
MBINO,0
MBINP,0
MFH,0
MRCY,0
MREO,0
MCMJ,0
MCMJW,0
EBSB,0
VIVO,0
MRBK,0
MMSI,0
SNUG,0
MRUS,0
MESA,0
MLAB,0
MESO,0
METX,0
METXW,0
MEOH,0
MCBS,0
MGEE,0
MGPI,0
MBOT,0
MCHP,0
MSTR,0
MVIS,0
MICT,0
MPB,0
MTP,0
MCEP,0
MBCN,0
MSEX,0
MSBI,0
MSVB,0
MOFG,0
MLND,0
TIGO,0
MIME,0
MNDO,0
MINDP,0
MGEN,0
MRTX,0
MIRM,0
MSON,0
MITK,0
MKSI,0
MMAC,0
MTC,0
MOBL,0
MOGO,0
MWK,0
MKD,0
MTEM,0
MBRX,0
MKGI,0
MCRI,0
MDLZ,0
MGI,0
MNCL,0
MNCLU,0
MNCLW,0
MPWR,0
MNPR,0
MNRO,0
MRCC,0
MRCCL,0
MNST,0
MORF,0
MOSY,0
MPAA,0
MOTS,0
MCACU,0
MOXC,0
COOP,0
MTBC,0
MTBCP,0
MTSC,0
GRIL,0
MBIO,0
MVBF,0
MYSZ,0
MYL,0
MYOK,0
MYOS,0
MYRG,0
MYGN,0
NBRV,0
NNDM,0
NSTG,0
NAOV,0
NSSC,0
NATH,0
NKSH,0
FIZZ,0
NCMI,0
NESR,0
NESRW,0
NGHC,0
NGHCN,0
NGHCO,0
NGHCP,0
NGHCZ,0
NHLD,0
NHLDW,0
NSEC,0
NWLI,0
NAII,0
NHTC,0
NATR,0
NTUS,0
JSM,0
NAVI,0
NMCI,0
NBTB,0
NCNO,0
NCSM,0
NKTR,0
NMRD,0
NEOG,0
NEO,0
NLTX,0
NEON,0
NEOS,0
NVCN,0
NEPH,0
NEPT,0
UEPS,0
NTAP,0
NTES,0
NFINU,0
NFINW,0
NTGR,0
NTCT,0
NTWK,0
NBSE,0
NRBO,0
NBIX,0
NURO,0
NTRP,0
NFE,0
NPA,0
NPAUU,0
NPAWW,0
NYMT,0
NYMTM,0
NYMTN,0
NYMTO,0
NYMTP,0
NBEV,0
NEWA,0
NBAC,0
NBACR,0
NBACU,0
NBACW,0
NWL,0
NWGI,0
NHICU,0
NMRK,0
NWS,0
NWSA,0
NEWT,0
NEWTI,0
NEWTL,0
NXST,0
NXTC,0
NXGN,0
NGM,0
NODK,0
EGOV,0
NICK,0
NCBS,0
NKLAW,0
NKTX,0
LASR,0
NMIH,0
NNBR,0
NBL,0
NBLX,0
NDLS,0
NDSN,0
NSYS,0
NBN,0
NTIC,0
NTRS,0
NTRSO,0
NFBK,0
NRIM,0
NWBI,0
NWPX,0
NLOK,0
NWFL,0
NVFY,0
NVMI,0
NOVN,0
NOVT,0
NVCR,0
NOVS,0
NOVSU,0
NOVSW,0
NVUS,0
NUAN,0
NCNA,0
NRIX,0
NUVA,0
QQQX,0
NUZE,0
NVEE,0
NVEC,0
NXPI,0
NXTD,0
NYMX,0
OIIM,0
OVLY,0
OCSL,0
OCSI,0
OAS,0
OBLN,0
OBSV,0
OBCI,0
OPTT,0
OCFC,0
OCFCP,0
OFED,0
OCGN,0
OCUL,0
OMEX,0
OPINI,0
OPINL,0
OFS,0
OFSSI,0
OFSSL,0
OFSSZ,0
OCCI,0
OCCIP,0
OVBC,0
ODFL,0
ONB,0
OPOF,0
OSBC,0
OLLI,0
ZEUS,0
OFLX,0
OMCL,0
ONCY,0
ONTX,0
ONTXW,0
ONCS,0
ONCT,0
OSPN,0
OSW,0
ONEW,0
OPBK,0
LPRO,0
OTEX,0
OPESU,0
OPESW,0
OPNT,0
OPK,0
OPRT,0
OBAS,0
OCC,0
OPRX,0
OPHC,0
OPTN,0
OPCH,0
ORMP,0
OSUR,0
ORBC,0
OEG,0
ORTX,0
ORLY,0
ORGO,0
ONVO,0
ORGS,0
SEED,0
OBNK,0
OESX,0
ORSN,0
ORSNR,0
ORSNU,0
ORSNW,0
ORRF,0
OFIX,0
OSIS,0
OSMT,0
OSN,0
OTEL,0
OTTR,0
OTLK,0
OTLKW,0
OXBR,0
OXBRW,0
OXFD,0
OXLC,0
OXLCM,0
OXLCO,0
OXLCP,0
OXSQ,0
OXSQL,0
OXSQZ,0
OYST,0
PFIN,0
PTSI,0
PCAR,0
HERD,0
ECOW,0
VETS,0
PEIX,0
PMBC,0
PPBI,0
PCRX,0
PACW,0
PAE,0
PAEWW,0
PLMR,0
PAAS,0
PAND,0
PANL,0
PRTK,0
TEUM,0
PCYG,0
PKBK,0
PKOH,0
PTNR,0
PTRS,0
PASG,0
PBHC,0
PATK,0
PNBK,0
PATI,0
PDCO,0
PTEN,0
PAVM,0
PAVMW,0
PAVMZ,0
PAYX,0
PCTY,0
PAYS,0
CNXN,0
PCB,0
PCSB,0
PCTI,0
PDCE,0
PDFS,0
PDLI,0
PDLB,0
PDSB,0
PGC,0
PEGA,0
PVAC,0
PFLT,0
PNNT,0
PNNTG,0
PWOD,0
PEBO,0
PEBK,0
PFIS,0
PBCT,0
PBCTP,0
PEP,0
PRCP,0
PRDO,0
PRFT,0
PSHG,0
PFMT,0
PERI,0
PESI,0
PPIH,0
PSNL,0
PETQ,0
PETS,0
PFSW,0
PHAT,0
PAHC,0
PHIO,0
PHIOW,0
PLAB,0
PHUNW,0
PICO,0
PLL,0
PIRS,0
PPC,0
PME,0
PNFP,0
PNFPP,0
PBFS,0
PPSI,0
PXLW,0
PLXS,0
PLRX,0
PLBC,0
PSTI,0
